benchmark,base_result,machine,limits,class,lower_is_better,repetition,result,normalized
stressng-cpu-ackermann,1.3448930000000001,issdm-6,with,cpu,False,1,0.075737,0.05631451721438062
stressng-cpu-bitops,540.245816,issdm-6,with,cpu,False,1,12.8998,0.02387764905892395
stressng-cpu-callfunc,28821.929834,issdm-6,with,cpu,False,1,1745.5887850000001,0.06056460462757784
stressng-cpu-cdouble,41.269077,issdm-6,with,cpu,False,1,22.599536999999998,0.5476143069543328
stressng-cpu-cfloat,40.008874,issdm-6,with,cpu,False,1,15.940895999999999,0.39843400741545487
stressng-cpu-clongdouble,35.321269,issdm-6,with,cpu,False,1,9.801703999999999,0.2775014680248323
stressng-cpu-correlate,0.085737,issdm-6,with,cpu,False,1,0.19043,2.2210947432263786
stressng-cpu-crc16,44.270771999999994,issdm-6,with,cpu,False,1,0.961442,0.021717308205061348
stressng-cpu-decimal32,44.270771999999994,issdm-6,with,cpu,False,1,7.299228,0.1648769079518198
stressng-cpu-decimal64,44.270771999999994,issdm-6,with,cpu,False,1,8.399713,0.18973495650809977
stressng-cpu-decimal128,35.360962,issdm-6,with,cpu,False,1,1.385993,0.03919556826536563
stressng-cpu-dither,15.7718,issdm-6,with,cpu,False,1,0.9615100000000001,0.06096387222764681
stressng-cpu-djb2a,21835.876491,issdm-6,with,cpu,False,1,551.005452,0.025233951667894147
stressng-cpu-double,41.178266,issdm-6,with,cpu,False,1,35.841815000000004,0.870406126377444
stressng-cpu-euler,8487.934437,issdm-6,with,cpu,False,1,36535.410973000005,4.304393635951928
stressng-cpu-explog,0.63089,issdm-6,with,cpu,False,1,0.673003,1.0667517316806416
stressng-cpu-fft,1.5884530000000001,issdm-6,with,cpu,False,1,1.584027,0.9972136411968122
stressng-cpu-fibonacci,2492582.05995,issdm-6,with,cpu,False,1,93363.61487,0.03745658623246002
stressng-cpu-float,385.042348,issdm-6,with,cpu,False,1,151.78581599999998,0.39420551216875493
stressng-cpu-fnv1a,11638.691738,issdm-6,with,cpu,False,1,559.125401,0.04804022768078575
stressng-cpu-gamma,0.197453,issdm-6,with,cpu,False,1,1.249729,6.329247972935332
stressng-cpu-gcd,496.183508,issdm-6,with,cpu,False,1,6.299851,0.012696615059604118
stressng-cpu-gray,1605.382855,issdm-6,with,cpu,False,1,36.499715,0.022735832070412885
stressng-cpu-hamming,140.566785,issdm-6,with,cpu,False,1,2.999777,0.021340581987416157
stressng-cpu-hanoi,31.940533000000002,issdm-6,with,cpu,False,1,0.8570639999999999,0.02683311515183544
stressng-cpu-hyperbolic,1.811796,issdm-6,with,cpu,False,1,4.999666,2.759508244857589
stressng-cpu-idct,105.588415,issdm-6,with,cpu,False,1,115.40083100000001,1.0929308011679124
stressng-cpu-int128,613.545523,issdm-6,with,cpu,False,1,29.100073,0.047429362466393545
stressng-cpu-int64,5772.306863000001,issdm-6,with,cpu,False,1,282.001721,0.048854249729446506
stressng-cpu-int32,5772.723277,issdm-6,with,cpu,False,1,332.40256,0.057581585683203707
stressng-cpu-int16,5772.348435,issdm-6,with,cpu,False,1,325.850618,0.05645026832133705
stressng-cpu-int8,5908.934274,issdm-6,with,cpu,False,1,329.712337,0.055798951504803955
stressng-cpu-int128float,245.44638799999998,issdm-6,with,cpu,False,1,25.347186999999998,0.1032697494819113
stressng-cpu-int128double,39.29967,issdm-6,with,cpu,False,1,16.79965,0.42747559966788523
stressng-cpu-int128longdouble,2.6506979999999998,issdm-6,with,cpu,False,1,3.999073,1.50868676854172
stressng-cpu-int128decimal32,2.6506979999999998,issdm-6,with,cpu,False,1,5.899868,2.2257790212238437
stressng-cpu-int128decimal64,2.6506979999999998,issdm-6,with,cpu,False,1,6.699549,2.527465973113497
stressng-cpu-int128decimal128,2.6506979999999998,issdm-6,with,cpu,False,1,1.345711,0.50768175024088
stressng-cpu-int64float,371.587889,issdm-6,with,cpu,False,1,91.58673399999999,0.24647394791707
stressng-cpu-int64double,2.651071,issdm-6,with,cpu,False,1,33.66363,12.698124644719059
stressng-cpu-int64longdouble,371.986874,issdm-6,with,cpu,False,1,4.699429,0.012633319421910571
stressng-cpu-int32float,41.627010999999996,issdm-6,with,cpu,False,1,115.3003,2.7698433596397303
stressng-cpu-int32double,2.672973,issdm-6,with,cpu,False,1,33.66383,12.594152653244159
stressng-cpu-int32longdouble,2.661037,issdm-6,with,cpu,False,1,4.6528529999999995,1.748511200708596
stressng-cpu-jenkin,471476.43180699996,issdm-6,with,cpu,False,1,170.20112,0.00036099602974358697
stressng-cpu-jmp,3323.58004,issdm-6,with,cpu,False,1,179.40102199999998,0.05397824630093759
stressng-cpu-ln2,67.852788,issdm-6,with,cpu,False,1,147.500767,2.1738350235512796
stressng-cpu-longdouble,2.672516,issdm-6,with,cpu,False,1,4.7516620000000005,1.777973265641815
stressng-cpu-loop,4066.367797,issdm-6,with,cpu,False,1,135.700705,0.033371478374414246
stressng-cpu-matrixprod,0.12742699999999998,issdm-6,with,cpu,False,1,0.512677,4.023299614681348
stressng-cpu-nsqrt,0.171731,issdm-6,with,cpu,False,1,0.9259370000000001,5.391787155493185
stressng-cpu-omega,4286.82895,issdm-6,with,cpu,False,1,16282.552953,3.798274468823861
stressng-cpu-parity,3268.90182,issdm-6,with,cpu,False,1,107.90043200000001,0.03300815929675123
stressng-cpu-phi,2163412.7974099996,issdm-6,with,cpu,False,1,70734.461425,0.03269577655715177
stressng-cpu-pi,1383.92681,issdm-6,with,cpu,False,1,5230.250129,3.7792823227407526
stressng-cpu-pjw,12834.940439,issdm-6,with,cpu,False,1,289.301973,0.022540188197596355
stressng-cpu-prime,0.37114400000000003,issdm-6,with,cpu,False,1,0.02169,0.058440928588364624
stressng-cpu-psi,3390.279704,issdm-6,with,cpu,False,1,8857.499620999999,2.612616183422723
stressng-cpu-queens,20.599903,issdm-6,with,cpu,False,1,0.576835,0.02800183088240755
stressng-cpu-rand,1659.9056,issdm-6,with,cpu,False,1,121.801034,0.0733782897051495
stressng-cpu-rand48,120.73783300000001,issdm-6,with,cpu,False,1,15.699259,0.13002766912339728
stressng-cpu-rgb,277.703913,issdm-6,with,cpu,False,1,314.167467,1.131303709789642
stressng-cpu-sdbm,18579.119200999998,issdm-6,with,cpu,False,1,547.003769,0.029441856908402755
stressng-cpu-sieve,1.9495529999999999,issdm-6,with,cpu,False,1,0.089257,0.045783315457440764
stressng-cpu-sqrt,5.177912,issdm-6,with,cpu,False,1,38.899786999999996,7.512639650886302
stressng-cpu-trig,1.969468,issdm-6,with,cpu,False,1,3.167806,1.6084577154845878
stressng-cpu-union,9992.295155,issdm-6,with,cpu,False,1,172.1011,0.017223380347595428
stressng-cpu-zeta,4.408843,issdm-6,with,cpu,False,1,2.672556,0.6061808052588854
stressng-cpu-bsearch,40.688476,issdm-6,with,cpu,False,1,1.730639,0.04253388600742874
stressng-cpu-cpu,0.554323,issdm-6,with,cpu,False,1,0.07353,0.1326482935039679
stressng-cpu-hsearch,371.082226,issdm-6,with,cpu,False,1,11.699649,0.0315284542892658
stressng-cpu-longjmp,9992.8894,issdm-6,with,cpu,False,1,482.58964100000003,0.048293303536412605
stressng-cpu-lsearch,0.900209,issdm-6,with,cpu,False,1,0.10000099999999999,0.11108642548563721
stressng-cpu-opcode,407.538883,issdm-6,with,cpu,False,1,17.600020999999998,0.04318611483263058
stressng-cpu-str,1325.939887,issdm-6,with,cpu,False,1,79.30099799999999,0.05980738552139204
stressng-cpu-stream,4.67103,issdm-6,with,cpu,False,1,0.341781,0.07317037141701081
stressng-cpu-tsearch,1.6703759999999999,issdm-6,with,cpu,False,1,0.082646,0.049477482914026545
stressng-cpu-wcs,925.3376880000001,issdm-6,with,cpu,False,1,47.525858,0.05136055584499223
stressng-memory-context,1831.81215,issdm-6,with,memory,False,1,29.600286999999998,0.01615901881642176
stressng-memory-full,33551.947426,issdm-6,with,memory,False,1,781.6092990000001,0.023295497250163107
stressng-memory-malloc,281510.474126,issdm-6,with,memory,False,1,2592.60408,0.009209618533907865
stressng-memory-matrix,13.803153,issdm-6,with,memory,False,1,18.800239,1.3620249663247233
stressng-memory-memcpy,70.025444,issdm-6,with,memory,False,1,1.634277,0.02333833113575117
stressng-memory-mincore,8089.20991,issdm-6,with,memory,False,1,177.802238,0.02198017358656972
stressng-memory-null,1691160.90765,issdm-6,with,memory,False,1,38609.586957,0.02283022672907632
stressng-memory-oom-pipe,0.19939400000000002,issdm-6,with,memory,False,1,0.001178,0.0059079009398477385
stressng-memory-pipe,107971.19705599999,issdm-6,with,memory,False,1,2319.067489,0.021478575325947345
stressng-memory-remap,121.64103999999999,issdm-6,with,memory,False,1,2.899471,0.023836289133996227
stressng-memory-stackmmap,0.199517,issdm-6,with,memory,False,1,0.09804,0.49138669887778985
stressng-memory-str,1326.342712,issdm-6,with,memory,False,1,77.300264,0.05828076205390271
stressng-memory-zero,37502.320117,issdm-6,with,memory,False,1,801.91042,0.021382954907808217
stressng-matrix-add,360.38080099999996,issdm-6,with,matrix,False,1,232.102202,0.6440470784124819
stressng-matrix-div,143.032424,issdm-6,with,matrix,False,1,156.001421,1.0906717276916178
stressng-matrix-frobenius,200.744889,issdm-6,with,matrix,False,1,235.749767,1.1743749401261219
stressng-matrix-mult,406.19131400000003,issdm-6,with,matrix,False,1,448.80407699999995,1.1049081098765197
stressng-matrix-prod,1.500338,issdm-6,with,matrix,False,1,2.000016,1.333043620837438
stressng-matrix-sub,328.47430499999996,issdm-6,with,matrix,False,1,222.383332,0.6770189589106521
stressng-matrix-hadamard,402.79159599999997,issdm-6,with,matrix,False,1,230.90226299999998,0.5732549171656501
stressng-matrix-trans,1657.178824,issdm-6,with,matrix,False,1,291.102651,0.17566158026166037
stressng-string-index,4233.804741,issdm-6,with,string,False,1,262.978028,0.06211387725402899
stressng-string-rindex,1184.929397,issdm-6,with,string,False,1,127.60048700000002,0.10768615186951937
stressng-string-strcasecmp,13501.029625,issdm-6,with,string,False,1,62.800472,0.004651532049356569
stressng-string-strcat,473.246385,issdm-6,with,string,False,1,75.499932,0.15953620438114915
stressng-string-strchr,4233.78788,issdm-6,with,string,False,1,241.801528,0.05711233884490217
stressng-string-strcoll,2038.277691,issdm-6,with,string,False,1,94.900713,0.04655926590328364
stressng-string-strcmp,14460.611857,issdm-6,with,string,False,1,337.138561,0.023314266666856154
stressng-string-strcpy,1956.156411,issdm-6,with,string,False,1,333.402464,0.17043752847430155
stressng-string-strlen,4833.754268,issdm-6,with,string,False,1,353.302224,0.0730906464027145
stressng-string-strncasecmp,11049.836636,issdm-6,with,string,False,1,62.400149,0.005647155795652435
stressng-string-strncat,492.419007,issdm-6,with,string,False,1,22.079169,0.04483817376285802
stressng-string-strncmp,994.648214,issdm-6,with,string,False,1,117.627173,0.11826007561704624
stressng-string-strrchr,1202.0035,issdm-6,with,string,False,1,151.40135,0.12595749513208573
stressng-string-strxfrm,552.3283389999999,issdm-6,with,string,False,1,25.600079,0.04634938530648163
